_id,room,purpose
16e81ee0-1fcb-43f4-abb2-a284f0f32f33,MOJODOJO,ч│╗хн╕цЬГщЦЛцЬГ
301a153a-b376-402a-8870-71bfb9a59d2e,MOJODOJO,щЫДхо┐ч╛Ош╝Фч╡ДшБЪ
48cd4155-4ed6-4ed5-8744-c6244af301c0,MOJODOJO,хФ╕цЫ╕хиЫциВ
f7b9a8f0-8fde-475d-b8a7-642e592a391c,MOJODOJO,ф╝СщЦТ
8a506998-af60-493a-9480-bdcd2cb02b8f,MOJODOJO,шиОшлЦ
e3053606-319a-45a9-997d-484d18d21272,MOJODOJO,ч│╗ф╕КхиЫциВ
e1e8e421-7c56-43ec-aa85-5c9a2b2da552,MOJODOJO,ф╝СцБпшоАцЫ╕
c901b564-290c-4798-a1c6-9f2cb1127a2a,MOJODOJO,цГ│цЛ┐чХвценшвН
8ef69b64-ed23-4aee-bd8c-06512e9debef,MOJODOJO,цЛ┐цЭ▒ше┐
66c36614-1b3a-47e8-88fe-8f8c6cdcf82c,MOJODOJO,щЦЛцЬГ
822cc4cf-ad1c-4136-9595-1d5170717c0d,MOJODOJO,щЦЛцЬГ
811c7228-45d6-4f7d-bedc-3f1703fc668a,MOJODOJO,ц┤╗хЛХ
4b298284-a71f-42d7-9e3d-b6e0b804b34e,MOJODOJO,щЦЛцЬГ
8289ad5a-e5a3-4719-9828-f854e6205ea3,MOJODOJO,шиОшлЦ
b226a7dd-8874-4a5b-bf8f-0220c3e4a08c,MOJODOJO,цКУщжмщЦЛцЬГ
14db820a-115b-4698-b4c2-457b166b6dee,MOJODOJO,цКУщжмщЦЛцЬГ
5a63b891-552d-4196-a68b-255359ef3bdf,MOJODOJO,шоАцЫ╕
cb2b5c7b-c5f9-4897-98fd-8d47affdd17e,MOJODOJO,шБЪцЬГ
aa417635-334b-47e6-8e1e-b1a7d9375d88,MOJODOJO,хо╢шБЪ
9c40666c-865f-4ad7-8e3b-84b28520b849,MOJODOJO,цЕ╢чФЯ
dd6b9c14-d33d-4022-8e85-f77643d782c1,MOJODOJO,цКУщжмщЦЛцЬГцЫ┤цФ╣!!!
392afbb5-a822-45c2-a0e9-2b866e9ee90c,MOJODOJO,ц┤╗хЛХшиОшлЦ
42a303c3-6a03-4856-bca1-d389a4b37437,MOJODOJO,шБЪцЬГ
c24260bd-fad5-45a6-a509-3d46bd78b274,MOJODOJO,хФ╕цЫ╕
a861fd40-1764-4ba5-b7d7-677b0bf5a52b,MOJODOJO,хРГхо╡хдЬ
bd4de167-f7c7-4683-9454-d19227efbabb,MOJODOJO,ц╕мшйж
00b67adc-cbc5-4a04-949e-15a85b568235,MOJODOJO,хо╢шБЪ
7f235233-2296-4fef-a7d3-d00e653d9c28,CASAHOUSE,хРГхо╡хдЬ
060b8c00-f298-457f-8f25-fb5423e6c3a5,MOJODOJO,хРГхо╡хдЬ
72cff9ec-12f7-45e7-8dcf-d21b342a6b1e,MOJODOJO,хо╢шБЪ
f60a6612-cf07-4c00-bdeb-9b2eae82580e,MOJODOJO,хиЫциВ
c77818dd-0515-49f9-aa29-8bbba74b7a81,MOJODOJO,ЁЯСН
ff8c4022-2e98-42ee-9b05-0feeca849a4d,CASAHOUSE,ф╕н
8fbc8c30-7d90-4025-a26d-e78d29cec5ed,MOJODOJO,шБЪцЬГ
30facb3f-9ec5-4ee8-8e1c-4e2dc8cfc491,MOJODOJO,ц▓Йц╛▒
affed2f3-81c0-4e3b-9d2d-f86595ca2c9a,MOJODOJO,ха▒хСКч╖┤ч┐Т
ae46909b-d5cc-46dc-816a-dfa859f03a19,MOJODOJO,цЛ┐чХвценшвН
917ed9e4-fcbf-43ed-a5ad-f67979d52034,CASAHOUSE,шБЪцЬГ
64654b6e-15e9-49d6-8640-a39aa390e84b,MOJODOJO,шАНх╗в
6c081df6-3b67-4731-8f71-0ac0f729347a,MOJODOJO,шиОшлЦф║ЛцГЕ
1cd90345-5be4-4a4b-9c2d-e1b3ae049bb8,MOJODOJO,шиОшлЦ
a4636a87-1e75-489d-bb59-7e64b34d22a2,MOJODOJO,ф╝СцБп
7dd59128-330e-4cbe-a9a6-fffae4f472c9,MOJODOJO,чОйч┤ЩщгЫцйЯ
dec075c0-6076-43d2-b823-a930a183286c,CASAHOUSE,хРГхо╡хдЬ
b6e7bdaa-7d70-4fce-a56e-015e93ce8cb8,CASAHOUSE,ЁЯСН
fbfd6ccd-08f4-4f99-a79b-b343099d4ac0,MOJODOJO,хРГхо╡хдЬ
f572c587-4d1e-4eb2-ad74-61ac3f616b04,MOJODOJO,шоАцЫ╕
15aa88f7-f8ea-4429-b6bf-4275f3db9b02,CASAHOUSE,ф╝СцБп
ab66c0ad-35d1-4871-86eb-798e37c22484,MOJODOJO,уАВ
d7d736f7-137b-4b31-ac46-622252d04968,MOJODOJO,хБЪха▒хСК
d8c66db6-d740-4bea-bb5d-541cc713bdb7,CASAHOUSE,шБЪцЬГ
545029f3-2b47-4648-9c4f-9afc8d2fcec9,CASAHOUSE,шБЪцЬГ
fc909de8-adb8-4bbc-9f3e-949a0e5d2f17,MOJODOJO,чЭбшж║
89caeab9-8deb-49bf-97de-3891a4a0def5,MOJODOJO,ц▓Йц╛▒
a5c3559d-33e3-4bde-a55f-34866a795c1d,MOJODOJO,щЦЛцЬГ
07789608-6faf-442e-8c18-63a31c81cce6,MOJODOJO,щЦЛцЬГ
6cf67970-29f6-4a4c-8664-4d463dbf0740,MOJODOJO,щЦЛцЬГ
564355c6-e84b-4e10-a076-aa76f367b2f6,MOJODOJO,щЦЛцЬГ
03fd764d-d330-4f51-8834-d71d9004b6f0,CASAHOUSE,ЁЯСН
5ac796c6-7f4a-45ec-81d8-5f2a18509409,MOJODOJO,чЭбшж║
bb965669-18c2-43cf-a593-ff9209413484,MOJODOJO,ч╖Ъф╕КшиОшлЦха▒хСК
4b6b5417-f232-4c3b-9ed5-4ea341e63c9e,CASAHOUSE,ф╝СцБп
2cfd0823-df90-411a-9eca-0eb9c4e4a1e3,MOJODOJO,щЦЛцЬГ
125deab7-7984-4a76-ac9a-3c850525a2d1,MOJODOJO,щЦЛцЬГ
e9d0e176-1b46-4dca-b0de-d5e7e9001000,MOJODOJO,ч│╗хн╕цЬГщЦЛцЬГ
6734050b-bc09-45e7-9a8c-5f9ce181ec95,MOJODOJO,шиОшлЦф╜Ьцен
fa234969-91dc-4693-88f2-93958e654501,CASAHOUSE,шиОшлЦ
4d12ba88-6159-4465-a7a1-6f320075f436,MOJODOJO,чЭбшж║
38216954-66d2-498e-bdc7-f35a734205c4,CASAHOUSE,QK
43ab720b-99fe-4b9a-a352-435ae796f89d,CASAHOUSE,шБЪцЬГ
080ce902-3732-4e97-af4b-76975fac13a6,MOJODOJO,щЦЛцЬГ
52f9a0be-9def-422d-bc42-7ef2c18b9730,MOJODOJO,цКУщжмщЦЛцЬГ
2b9cf293-5666-4dfe-bb47-903bfe5d7e5d,MOJODOJO,цКУщжмцОТц╝Ф
df591a32-f6b7-4aa4-bc70-f85b753535f0,MOJODOJO,щЦЛцЬГ
2a253fc2-9712-4732-ab7f-a96899801ab5,CASAHOUSE,щЦЛцЬГ
1683c541-da52-4415-aa3f-c9ce81615d90,MOJODOJO,шАНх╗в
ec757be9-f03f-4c1c-ad60-f4180f131bfd,MOJODOJO,шиОшлЦф╜Ьцен
4fd04971-3295-4904-bbb9-015e0564989d,MOJODOJO,щЦЛцЬГ
ba2ece46-d6e1-4dab-a924-9aaf5baede79,MOJODOJO,хеЧщЗПч│╗цЬН
35abcc7b-da72-4e1c-a6d3-828496804e82,MOJODOJO,хеЧщЗПч│╗цЬН
bf8a4ad5-1a42-4d25-9c86-7c0e227ec11a,MOJODOJO,хеЧщЗПч│╗цЬН
63f4e77e-4e9a-4c4f-b817-edf632c86682,MOJODOJO,хеЧщЗПч│╗цЬН
cfdd93df-0110-403c-9f3f-21ef1edf940c,MOJODOJO,шНЙщЯ│
cf15ad67-d320-4b0a-9fc6-53d95daf772b,MOJODOJO,цКУщжм
bf2ed5bd-be44-40a0-ae45-660921fad02e,CASAHOUSE,шйжшгЭ
c51f9d2f-1d43-4362-b43e-81fcdd8b65ba,MOJODOJO,ч│╗хн╕цЬГч│╗х░╛чЙЩшиОшлЦ
4ad8d3e8-9de5-4748-8fdc-caf0f0b146b0,MOJODOJO,щЦЛцЬГ
de8f7388-9d1d-4337-97ac-84698885eb41,MOJODOJO,шиОшлЦ
bc962248-d39b-4d00-89bf-1db6ed74fc60,MOJODOJO,щЦЛцЬГ
4002e1ee-c7fd-42ac-9ada-89bfc21824ca,MOJODOJO,шиОшлЦ
93bcd1ad-1ba0-4acc-bb18-3ba476c6a4b9,MOJODOJO,ЁЯСН
b9f88a19-3dd6-491d-aad2-7c91b948d4d0,MOJODOJO,ЁЯСН
5533e659-65bb-4d07-a61e-46851a4fbdb9,CASAHOUSE,A
19d1922a-61ff-46cb-90e4-f7e732c1e887,CASAHOUSE,цЙУщ║╗х░З
ed00fdc0-8a81-45fd-8bb4-2eceb64fd877,MOJODOJO,цКУщжм
3f5eea8f-88fa-4722-9e43-83b9d831cdab,CASAHOUSE,шиОшлЦха▒хСК
6fde50dd-5100-437b-9121-c3accbd8870e,MOJODOJO,цКУщжм
31955833-c1f3-4815-a014-b10fe8ffed05,MOJODOJO,щЦЛцЬГ
582eb741-f9d3-42be-a7ab-817ad95804df,MOJODOJO,цКУщжм
69e52c6a-9e94-40e2-93e6-d6e9c78f0a22,MOJODOJO,шиОшлЦ
ebb353be-ae2f-4036-8be2-69f08beb726c,MOJODOJO,шиОшлЦ
c63a43fe-4b9e-4671-9431-149c3958ae18,CASAHOUSE,ф╝СцБп
2c360b49-d8bc-4a10-9f0e-9afb4c1d7e13,CASAHOUSE,цЙУщ║╗х░З
49d44f64-528c-48d6-b0cf-0dbc86c502ac,MOJODOJO,шА╢шИЮ
3cb88d70-b03a-49ef-8a7a-402704f18060,MOJODOJO,щЦЛцЬГ
d4c66e93-3dad-497e-8e8a-fd6e2aeb7a4c,MOJODOJO,щЦЛцЬГ
995cd6dc-989f-46b0-8d69-687fc48e34fe,MOJODOJO,щЦЛцЬГ
dced3661-4df5-4610-ba5e-4b7b0ea457c5,MOJODOJO,щЦЛцЬГ
1912d1d5-a44e-473a-9e7d-df766369ffb2,MOJODOJO,ч│╗хе│цОТщЪКшБЪ
7b6ffe69-5e05-4772-ba18-6df4dc1a8da9,MOJODOJO,ха▒хСКшиОшлЦ
17ebc37a-07c3-4f10-9fd8-863995c514a6,MOJODOJO,ф║дцПЫчжочЙй
128d1c1e-b6d3-4a84-af87-c7ae7a5aec7d,MOJODOJO,щЦЛцЬГ
1774a02b-30b4-4bb0-867e-8fdd2da2812f,MOJODOJO,щЦЛцЬГ
55164ee2-5ad5-4680-b6c9-33420d9ae576,MOJODOJO,х╝ДцХ╕цУЪ
6e18e093-0e9a-4430-8447-42eff49a9424,MOJODOJO,щЦЛцЬГ
fac36700-d0a7-4c01-88d1-0cf7efb2bab3,MOJODOJO,щЦЛцЬГ
3d2c6119-8d3e-466a-be08-ebb3f1025da4,CASAHOUSE,ф╝СцБп
bbe2eaa6-071a-4936-bff4-52e72e443d39,CASAHOUSE,щЦЛцЬГ
df57447c-bda4-4f13-8b0c-58a69f9d61ba,MOJODOJO,щЦЛцЬГ
1f8eed99-85d0-4bcc-be5d-0542ae7ac3e7,CASAHOUSE,шиОшлЦха▒хСК
7bf1bbd0-1e14-4f4c-a4bb-6ec6bc0595c4,CASAHOUSE,щЦЛцЬГ
1163acc2-61bc-4456-875a-2ff9b7d9596f,MOJODOJO,шиОшлЦ
62697f82-92d4-4643-ad8d-1b635510caca,MOJODOJO,х░ИщбМшиОшлЦ
91fb9707-97f8-4e95-b462-f497d76c8fdf,MOJODOJO,щЦЛцЬГ
4d2131d9-a024-4f76-a929-26b0d6b9b698,MOJODOJO,щЦЛцЬГ
a5065a7e-31a4-41a5-8604-a1bf1e5c5a63,MOJODOJO,щЦЛцЬГ
2548c32e-ffc1-48a7-8ab1-e7025f730942,MOJODOJO,щЦЛцЬГ
d7be5de8-6ed6-4344-8ca1-a23cb66bf7cf,CASAHOUSE,ц┤╗хЛХ
5987af02-bb98-4ddc-99a3-8134f36495ce,MOJODOJO,щЦЛцЬГ
636a3324-a3ef-4bac-acbd-eb597957a7d6,MOJODOJO,шиОшлЦ
0bfce545-17b3-42c5-affe-38d61b219466,MOJODOJO,шиОшлЦ
13b38a1d-e7f8-4784-8a34-2f8992a570d5,MOJODOJO,тЬЕ
ae9b7e1a-5da4-4f76-a3da-e37f80884e7c,MOJODOJO,цбМщБК
fdebbc40-2d1f-4bc6-8d54-b9b3a652fa5e,MOJODOJO,шоАцЫ╕шиОшлЦ
31cd41c4-a1b9-4a42-800b-e12462f16ded,MOJODOJO,шиОшлЦ
26c2c26e-9786-416a-8817-22c35630727a,MOJODOJO,щЦЛцЬГ
e4136a03-e4b6-4419-9cb0-051e0f2f704a,MOJODOJO,ч│╗хн╕цЬГщЦЛцЬГ
bd48990d-29a0-4fee-91af-ec8c844a9373,MOJODOJO,ч│╗хн╕цЬГч╣╝ч║МщЦЛцЬГ
c04632cd-aa2e-4434-99a1-036e5ce449ea,MOJODOJO,шоАцЫ╕
ea2277cb-039f-43bd-9395-a9c76b1330fc,MOJODOJO,шиОшлЦ
e9bd89b5-9033-4021-8f6e-9a3ece7a4d7e,MOJODOJO,шкНчЬЯшоАцЫ╕
396dcdbe-1633-4c46-bb30-fded233f8d80,MOJODOJO,цИРшкЮхКЗшиОшлЦ
4adc6612-4f67-4189-844d-6d7b20aea577,MOJODOJO,ф╜ЬценшиОшлЦ
aaebfc03-e8ce-4da6-aa37-431f1241fee3,MOJODOJO,щЦЛцЬГ
4c42489d-baa7-4fcd-bb28-63124fce88b6,MOJODOJO,щЦЛцЬГшиОшлЦ
dceaa33a-c54b-4343-8177-96dd64495c80,MOJODOJO,чЙИцЬмхКЗшиОшлЦ
f1837c2f-14eb-45af-a4c8-11de850ccb9d,MOJODOJO,ч╡ДшБЪ
2e622315-39eb-4eff-a1d4-f7c51b027b8e,MOJODOJO,щБ┐цЪС
a9182e8f-6f37-4038-bcc3-769127c5fbda,MOJODOJO,шиОшлЦ
d779805c-c23a-4b1d-8743-826b528ac30f,MOJODOJO,щЦЛцЬГшиОшлЦ
9ef4b3e0-f29c-443a-b3d1-8a102fd4f3ab,MOJODOJO,ч╡ДшБЪ
21eeb7af-7ff4-4b8a-885e-d7625c2acc69,MOJODOJO,чЭП
3f2b6f34-449e-4e7b-b3e7-0f92f46a3835,MOJODOJO,ч╖┤ф║дщЪЫшИЮ
4e522b6a-403b-42df-a7d2-c3933c1130d6,MOJODOJO,цИСхо┐шИНхЖ╖ц░гхНбц▓ТщМв цИСщЬАшжБхЕНш▓╗хЖ╖ц░г
8aa3a803-5ac6-4676-9fac-a8bbcb8ad00e,MOJODOJO,чЗЯцЬНхеЧщЗП
2cb19490-5997-4b1d-9938-521f8b76dc85,MOJODOJO,шоАцЫ╕
b397fc6a-94c9-4593-94c6-c8086c1b4b26,MOJODOJO,шиОшлЦф╜Ьцен
a6eb1f5d-37e4-452d-a089-c6dd94347b16,MOJODOJO,цИСшжБчЬЛцОТчРГх░Сх╣┤
3646ac5c-fa90-4b36-92c3-2f371e2bbc4d,MOJODOJO,шоАцЫ╕
4e8edc02-3b87-4be1-a36a-d987abec6101,MOJODOJO,чХвценх╜▒чЙЗцЛНцФЭ
0dcc1eeb-bb68-4e61-92c5-12d28173911c,MOJODOJO,шиОшлЦ
a6fe10be-ab30-4656-a015-0052ab392a68,MOJODOJO,шиОшлЦ
2927de92-7548-4755-b506-3364ed8cc02c,MOJODOJO,ш┐ОцЦ░шиОшлЦ
fe31edd1-9383-4c60-aa2d-5ca3523a8e05,MOJODOJO,чЗЯщЪКч╡Дш╝Ф
f1b2b579-60dd-4a88-b697-24d677ff1eaf,MOJODOJO,чХвценх╜▒чЙЗцЛНцФЭ
b23172be-b399-4cd8-9635-298634938810,MOJODOJO,ф╜ЬценшиОшлЦ
899794ae-0f66-4400-a8f7-d019e58e16a4,MOJODOJO,шиОшлЦ
ee69fbf3-b46c-46c9-bf23-81194792b1b4,MOJODOJO,шиОшлЦф╜Ьцен
fabdafc4-d590-4d9f-a5a6-1e58ba752314,MOJODOJO,шоАцЫ╕хЕзхН╖
970cc670-42dd-4493-9644-c101a952af73,MOJODOJO,шиОшлЦф╜Ьцен
c2a8a1b2-c5d9-4506-9d4a-5b3c9cbb7776,MOJODOJO,чЬЛх░Сх╣┤
b3127fa1-f401-4388-9ec1-d3b5ddf63c39,MOJODOJO,хПНцАЭф║║чФЯ
b37afbfe-6067-4cb7-9723-73d075ade472,MOJODOJO,шиОшлЦф╜Ьцен
98fe8437-7e4f-4de2-9573-60a4ba0bd660,MOJODOJO,цИРшкЮхПе
0e68780d-6784-4e34-afc5-c608169eef09,MOJODOJO,цОТч╖┤
186b0ab1-b59c-4022-a35c-847b1afb366f,MOJODOJO,шиОшлЦ
fd220981-6d76-4db5-9c94-094780ccecc2,CASAHOUSE,шиОшлЦф╜Ьцен
8ee61eea-850d-4628-b2ae-db5efe513f39,MOJODOJO,шиОшлЦф║ЛцГЕ
4414fda5-a2dd-4ce0-bf19-0d7ce2a7f2f7,MOJODOJO,шиОшлЦ
d8c42e19-e15a-4870-a589-73eccacc4a15,MOJODOJO,щЦЛцЬГ
bb8fe61e-e863-44b1-89cb-d5a0e795d23e,MOJODOJO,шиОшлЦ
dd9acf32-2a03-4eef-a25a-9446ecb7e5cc,MOJODOJO,цИСц▓ТцЬЙхКЫц░гш╡░хО╗хЬЦцЫ╕щдицИСшжБхЬич│╗чкйхФ╕цЫ╕
b7d9d16a-95ba-4d8c-aebd-4c40c39db9ce,MOJODOJO,Study
6cfd0a52-a276-49ea-9e8d-83fd2bd96232,MOJODOJO,шиОшлЦцйЯцО░чиЛшин
0f5547d4-0155-46a8-99c8-e2a577e2b7ad,MOJODOJO,чХлчХлЁЯе╣
0e4b5788-245a-4ada-8969-0eebf4dbd882,MOJODOJO,цИРшкЮхКЗ
cb70528c-0945-4f65-9c19-39d458f77fa6,MOJODOJO,цИРшкЮхКЗ
c1581cc9-c770-4084-ae1d-b1ad485f6a05,MOJODOJO,цИРшкЮхКЗ
658220e3-2145-49db-9852-04b974475040,MOJODOJO,цИСшжБчЬЛхжЦх░╛
299245c5-e756-4e64-9924-ac71f46e84f1,MOJODOJO,цИСшжБчХ╢чГдщжЩшЕ╕
23ffa521-db01-4841-bf80-3511f00f8d72,MOJODOJO,чЙИцЬмхКЗцОТч╖┤
69da337e-8608-4251-a5da-a006d80d9c6a,MOJODOJO,х╖ечобчЗЯшиОшлЦ
a559cd46-cb07-4f81-8278-d87286d23d55,MOJODOJO,цИРшкЮхКЗ
0ac352b0-b3e7-4268-a173-c3184579ac69,MOJODOJO,ч╖┤цнМ
47a9fc20-ea95-411b-b125-8b3ecf154b1f,MOJODOJO,х╖ечобчЗЯхБЪщБУхЕ╖
c07c0a41-4572-4366-8083-06ab35a595ee,MOJODOJO,цХЩхн╕ч╡ДшиОшлЦ
48b0f302-65e3-44c2-982b-03154ded697b,MOJODOJO,шиОшлЦ
399164f5-d48e-4502-9420-30b42a777925,MOJODOJO,free night
ecc7e309-7b41-4a5a-8ca5-61f88a864f89,MOJODOJO,хоЙх▒ЕциВцен
a15cc133-2602-4ae1-aa02-0f4c779e51a4,MOJODOJO,чЭбц│вхдзчЪД
e84e85df-974a-4280-b8d9-eab0d07b510b,MOJODOJO,шиОшлЦ
55ee3224-41a5-4cfa-9e0b-a1e55d52ad7e,MOJODOJO,шиОшлЦ
6be1c3ea-b3e1-49d6-9c65-21e09213f1b9,MOJODOJO,шиОшлЦ
4ba8d5fd-ae33-4287-886f-eeae7a976de7,MOJODOJO,хе╜цГ│ш╖│game
b477655f-e9dd-4e05-82e3-7f78c78cc331,MOJODOJO,ЁЯСН
4577a91f-133f-4bad-99e3-46ac3c09c91a,MOJODOJO,х░ИщбМшиОшлЦ
57925c8a-3861-46d3-9805-31b586976bcf,MOJODOJO,х░ИщбМшиОшлЦ
780afb56-ff61-426f-86db-27536a5ba23a,MOJODOJO,ф╜ЬценшиОшлЦ
074cf3bd-304c-449f-af6c-23aa74b5a1a5,MOJODOJO,шиОшлЦх░ИщбМ
b2bed6da-e3a1-4a9c-a90e-b6fdb6f1cc2d,MOJODOJO,ЁЯША
faea886a-e1ca-4b59-b185-c8d81e88e75c,MOJODOJO,щЦЛцЬГ
ec7fb7a2-49e8-4639-861f-09bac6307a3f,MOJODOJO,хиЫциВ
3d08736c-f9bc-49a7-bd3e-8750de591463,MOJODOJO,шиОшлЦф╜Ьцен
4c6099bc-5534-4205-a57f-d48cc7959560,MOJODOJO,шБЪцЬГ
cab56829-aeb3-4bc2-ba59-7c7b8ca392a5,MOJODOJO,ш║▓ш╡╖ф╛ЖхБ╖хРГ
184bd36e-ad28-446b-a9e6-3f36396e185b,MOJODOJO,ч╖┤хКЗ
ff5d1278-7565-4f8d-ba7e-76c913b920d5,MOJODOJO,хЕНш▓╗хдЬцЩЪ
419c2951-658c-4190-a145-bac61219b551,MOJODOJO,шБЪ
60dc6c89-ccf5-4716-ae43-2c6db0ed2973,MOJODOJO,шиОшлЦф╜Ьцен
5c951c50-0232-4b78-85c3-38a5576c08b0,MOJODOJO,шг╜ф╜ЬщБУхЕ╖
1a507e6a-57e5-4720-a180-1e59a48d7cff,MOJODOJO,хНбчЙЗ
6df82b3b-9961-4fda-82a9-01dcc0ecf63a,MOJODOJO,шиОшлЦ
adb669ae-99a5-4f2c-9a34-d4d31481cb9f,MOJODOJO,ч╖┤хКЗ
eb80f627-7331-4b50-bd6a-387162028897,MOJODOJO,шг╜ф╜Ьч╣БцШЯчНичЩ╜
8c60d5c2-bf46-492e-91fc-67f2d26fb2ae,MOJODOJO,хЛЙх╝╖уБзуБЩ
27dfba4b-5015-4133-9056-09ec2ed13e05,MOJODOJO,ЁЯСН
d2defd78-bfaa-4051-a4f1-7ad71edc7646,MOJODOJO,х╖еф╜ЬчаФчй╢ха▒хСК
3af457b7-1eae-48f2-9126-af930cf9f6e1,MOJODOJO,шиОшлЦ
361ecd0d-d76a-4b71-9e4c-c59de2a865f1,MOJODOJO,The 
50ac1332-6f20-4f48-84bc-ff2ea63ae462,MOJODOJO,чХлч│╗цЬН
132a148f-4fec-4df9-b080-337d5aacd8d0,MOJODOJO,щЦЛцЬГ
de9f4605-1a5b-413a-8708-c673c5b49045,MOJODOJO,щЦЛцЬГ
36b6d20f-fbef-45ec-9d17-d86746836d8c,MOJODOJO,щЦЛцЬГ
705369ad-d7af-417c-9c6b-d92546487c69,MOJODOJO,щЦЛцЬГ
e9f4189b-3aa0-403b-9fba-327c8d3dc9f1,MOJODOJO,щЦЛцЬГ
38bc80f4-683d-433e-86f8-48e0e1c10f0f,MOJODOJO,щЦЛцЬГ
dc04247f-3dc2-4fe4-a595-fa7c228be281,MOJODOJO,щЦЛцЬГ
f83d111f-603b-4bc4-b6ea-c2dd799291cf,MOJODOJO,ч╖┤ч┐Т
abd23f52-1419-4b04-87f5-619809708f39,MOJODOJO,цДЯцГЕф║дц╡Б
98263b9c-06d3-4778-8d07-4b758eaaebe1,MOJODOJO,ха▒хСКшиОшлЦ
db781891-945c-4634-bdc3-10b296e44d94,MOJODOJO,шиОшлЦ
69484b00-2dbd-420b-84e7-dbec6f6c8c9d,MOJODOJO,шиОшлЦ
a19a82ab-9a04-458c-b711-9e4af8cac181,MOJODOJO,шиОшлЦ
d2b1cbb4-2d34-4927-8005-d6dc3a323e95,MOJODOJO,шиОшлЦ
d8389891-62eb-4298-8b6a-e54937e37dc0,MOJODOJO,щЦЛцЬГшиОшлЦ
5a0d84b1-21cf-4dfd-b3aa-120c89fbecad,MOJODOJO,шиОшлЦ
56a6641f-46ae-41ca-bb3e-ef5915bd8bb7,MOJODOJO,хе╜чОй
d638478f-2ab2-457b-8e27-c83ef7e54741,MOJODOJO,шиОшлЦ
9236c25a-f291-4ac1-ac2e-15bff930ac31,MOJODOJO,хШ┐хШ┐
5765133d-c8cc-4d49-9312-c0a4d09c8317,MOJODOJO,шиОшлЦф╜Ьцен
37ec8d04-2377-4834-abc8-4c131e0d63f2,MOJODOJO,шиОшлЦф╜Ьцен
5563c658-5ba8-4644-9fcc-c74df7d2a5ae,MOJODOJO,хе╜чОй
96b26ce8-285f-457f-ac97-c788702d0fa1,MOJODOJO,цОТцпТ
494baeef-05da-4ec1-91ae-39303384d89b,MOJODOJO,шиОшлЦ
b2a71d47-a6a2-4a8b-90bc-710c405a8944,MOJODOJO,ЁЯСН
688b0d40-dbe5-4197-bda4-71b5635ca8f9,MOJODOJO,ЁЯСН
e3305461-9b03-40a6-8f21-c186a3d4fc20,MOJODOJO,шиОшлЦ
ec608247-9be9-4e8d-b498-bc9c4dd594de,MOJODOJO,шоАцЫ╕
f72ff889-d708-4f18-b315-9a6466f04d05,MOJODOJO,шиОшлЦ
47ab8a23-c76c-4b85-9bba-8248b6045a47,MOJODOJO,шиОшлЦ
9bbe94e3-4089-4bd9-8f57-6a31057153ba,MOJODOJO,шоАцЫ╕
1534da23-bcff-4bb2-8b3f-4617bee34d43,MOJODOJO,шиОшлЦ
7be60dd9-2fb4-42b9-83b4-77aa4c86bd86,MOJODOJO,шиОшлЦ
054de815-11d2-4e84-a6d2-94573f2fbf15,MOJODOJO,шиОшлЦ
cfb4f381-fd1a-4437-8e8e-f2d737b6f66f,MOJODOJO,(уАГ'тЦ╜'уАГ) 
b40e4ea7-4ae2-4d37-b199-126ee669c6c1,MOJODOJO,шиОшлЦ
c9be89a7-10cd-480b-884d-15e573ea6288,MOJODOJO,щЦЛцЬГ
9a425684-e560-4e5f-9448-a0ceadca3932,MOJODOJO,х╖еф╜ЬчаФчй╢шиОшлЦ
0b5f3955-6fc8-44cf-a470-883b0eb0aa68,MOJODOJO,шиОшлЦ
eb0895d8-962b-4456-af7c-8af1675ffcbe,MOJODOJO,шиОшлЦ
6324696f-7256-4f26-9fc0-a8dea29f17b2,MOJODOJO,шиОшлЦ
b741979f-b11c-4d2e-bb3b-2888d11aad47,MOJODOJO,х╖ечобчЗЯщЦЛцЬГ
6dc4f0f6-cd22-4c96-97f1-fe6fb2a942fe,MOJODOJO,щЦЛцЬГ
160221f6-a7c0-4d71-a01b-f825cef1fe06,MOJODOJO,шоАцЫ╕
996c27b7-69be-4f33-8f24-44b22f7969d8,MOJODOJO,ф╗Шф╕Нш╡╖хЖ╖ц░гхНбф║Ж
9c3374fb-7792-4765-8e9e-dd2b49b13ae4,MOJODOJO,шиОшлЦ
ce07759d-c58c-4e17-b927-66a227e4929a,MOJODOJO,шиОшлЦ
25bf92d8-df2d-4182-8fbe-71c66461c396,MOJODOJO,шиОшлЦ
446d517b-becc-4fc9-9a90-f15102f6be60,MOJODOJO,шиОшлЦ
bd7faa3b-3c89-4507-b6be-65e9a11eb184,MOJODOJO,хЖецГ│
3ba247a6-3e02-4f38-9df4-6464f2ebd7ba,MOJODOJO,щЦЛцЬГ
6aee31c8-9f1f-43d4-bbac-0fcef5596cf4,MOJODOJO,хТМч╡▒шиИч┤ДцЬГ
26731436-3751-4087-a322-8c8c198a8f4b,MOJODOJO,шиОшлЦ
2689e405-f4e1-4b24-b0e6-856754333159,MOJODOJO,шиОшлЦ
183266ba-2936-4055-9b53-86f7efb39561,MOJODOJO,шиОшлЦ
e43e04fd-c2dd-42b0-b9e0-6b35976e8a5c,MOJODOJO,ЁЯСН
b7249928-2b94-4466-989d-5acc3d249ac7,MOJODOJO,чХлч╖Ъ
631696cc-d00f-47b2-9de1-bf106b163f25,MOJODOJO,х╖ехЬЦф╕АцЯР
d92d5d3a-8826-406d-9b68-13ea4a412350,MOJODOJO,шиОшлЦ
0445c1ac-40b5-449f-be01-b8ddbf0c5923,MOJODOJO,шиОшлЦ
235932ea-6909-4153-9523-1cbf2bb31b3c,MOJODOJO,ф╕НчФичХлч╖Ъф║Ж
bc2b0c7a-005a-4c51-bd79-9f399cd7e13c,MOJODOJO,цЬЙф║║щБОхдкц╜д
fcca97a4-46e0-4b06-8ede-c81bd0288f45,MOJODOJO,цИСф╣ЯцГ│хе╜ц╜д
8d630fb4-e5d4-45b6-aaed-9fa6562c8fdf,MOJODOJO,щЭЮх╕╕хе╜х░ИщбМ
e6bd1cf0-5c87-4444-b6e9-39a57e952fd5,MOJODOJO,ЁЯСН
01b2060e-ffe2-4aaf-93f5-23638269387c,MOJODOJO,Meet
63a04cca-db4f-4f8c-b02d-99beaeab5ae0,MOJODOJO,Or?
db8f9d93-30d3-4a60-845c-362c259641c2,MOJODOJO,шиОшлЦхКЯшк▓
61a53224-ddc6-4c0a-886e-2af8121661d7,MOJODOJO,шиОшлЦ
36061564-20f2-464c-ba92-04fd395cf327,MOJODOJO,хе╜хРГцЩЪщдР
a4f6af2d-1a4d-4c41-b04b-4ddd5589209c,MOJODOJO,х░Пф╕С
f7010e40-aa8a-4337-bd47-68f92eb95201,MOJODOJO,шиОшлЦ
a08e83b9-d929-498b-b721-24e8dd356e6f,MOJODOJO,шиОшлЦ
4eaa0613-d2a4-4efb-a803-94f20f0532ce,MOJODOJO,хРГщгп
dd56d135-1fc7-4280-be64-fd0b2667632f,MOJODOJO,шиОшлЦф╜Ьцен
e64d4c6c-3e6e-4739-9220-f0f0ae894406,MOJODOJO,щмЖщдЕя╝Ъя╝Й
b570e415-1618-467f-8c12-8558484b7385,MOJODOJO,шиОшлЦ
c5adad3f-b3a2-4b44-83bf-2cd29493db3b,MOJODOJO,хШ╗хШ╗хУИхУИ
253a1b3d-cb06-4f11-925c-04462c316e56,MOJODOJO,шиОшлЦ
af6d3252-c328-4f95-9e96-33f549be62fa,MOJODOJO,999
f052b77c-cbab-4047-ba42-15e597e5a386,MOJODOJO,цЙУцОГ
43f46b8c-dfd8-4f28-88a4-09e1f0bf348b,MOJODOJO,шБЪцЬГ
0805cbf6-b770-4dec-906a-d8f1a07af8c5,MOJODOJO,шиОшлЦ
3eb93549-4de3-404c-a2e5-85eec7661642,MOJODOJO,хРГхНИщдР
50023b01-b194-4e64-89ea-13b8af35c590,MOJODOJO,чЬЛхП░чБгцЛ┐хЖаш╗Н
4fa7f8ef-102f-442a-8d5a-1180043f1530,MOJODOJO,шиОшлЦ
110d6ec8-5c0e-4860-b15a-462e49a25a77,MOJODOJO,шиОшлЦ
71f478ee-691e-4415-83a4-f3da7516907d,MOJODOJO,ЁЯСН
ced7be7c-5c27-4c50-99bf-d858e01d27ea,MOJODOJO,щЭйхС╜
e810a924-e81b-480f-b42a-064e890047cd,MOJODOJO,ф╜Ьцен
b35f2b85-9717-4853-97f2-c43b00cb994f,MOJODOJO,шиОшлЦ
296a5133-6fdb-4021-996e-9bb232b2482e,MOJODOJO,шиОшлЦха▒хСК
993ec5bd-3eaf-43a6-9c02-5fc98613083c,MOJODOJO,ЁЯСН
7fd7e38e-4109-42b2-8b98-62663271ba47,CASAHOUSE,шиОшлЦ
68a228c1-c95e-42ae-8a50-2575d39cd94d,MOJODOJO,ф║║хЫа
f822554d-04ea-4afe-b1db-21f85238547b,MOJODOJO,шиОшлЦ
6b0ca109-8d61-4275-9e50-1d6fe64b8b56,CASAHOUSE,щЦЛцЬГ
ef3c9b2d-ce6c-4409-becd-17284505b3d9,MOJODOJO,ф╝СцБп
7d86b08d-b014-4687-a5a3-bf939f4c5411,MOJODOJO,шиОшлЦф║║хЫа
3f36db5b-c122-4b46-90dd-3ccfa5837f39,MOJODOJO,Talk
f829d775-03b6-45cb-a33d-13b549505ef8,MOJODOJO,хРГщгп
0030aad7-0ef7-4e27-a993-3f58a9fdfbcc,MOJODOJO,ЁЯСН
cbbf6907-342c-40e2-8b21-84827f3dc4cf,MOJODOJO,шиОшлЦ
c8e7f6ad-a5a1-4df5-9c1c-b1b8bcfadb5a,MOJODOJO,чИЖшоАхЕмхП╕ц│Х
550a6838-1dd4-47a6-b250-7a5e30332da7,MOJODOJO,шАГхоМф║ЖшоЪхХж
b506f61c-0ba5-4dbb-b528-5a17e3cb57ab,MOJODOJO,шБЦшкХц┤╛х░Н
6a968bb2-89e5-4465-bb5d-848e34f62d25,MOJODOJO,ф║дцПЫчжочЙй
4d90f72d-3072-4b36-917c-75997284066e,MOJODOJO,ф║дцПЫчжочЙйхоМуДМ
c8d92919-c2f8-488c-92e5-00aed766e1a2,MOJODOJO,pr2
ca679969-bf82-46c7-a953-e674d69da914,MOJODOJO,ч│╗хе│цОТщЪКшБЪ
aa10faf5-095c-4e32-90cc-f34c1119c6b9,MOJODOJO,шиОшлЦ
67e57f24-246f-4c1b-9bf2-f7da4ad54c97,MOJODOJO,ЁЯСН
e196043c-0774-47c7-8026-5b17f3af95be,MOJODOJO,шиОшлЦ
a14a4a63-aeb6-4e8c-b1a4-a6dda474cb44,MOJODOJO,хРГщгп
106bc4d5-f55b-4606-8dd5-030273cb76a3,MOJODOJO,ф╕Кшк▓я╝ЪD
a97557c2-7cf3-4be1-9cd8-a5c70b4834d4,MOJODOJO,хРГщгп
b2d3660f-841b-42d1-b8c6-e834f984fbe4,MOJODOJO,шиОшлЦ
4a38b630-c49a-4bf1-9bc4-b3f10c2ba95d,MOJODOJO,шиОшлЦ
0b4d02ed-f382-47bd-bb68-bf51aa7e87ba,MOJODOJO,шиОшлЦ
5de94c99-ec3e-4ae8-b7b5-df8d0c83aa03,MOJODOJO,шиОшлЦ
260234d5-913b-4176-9cc8-5898ada66f7d,MOJODOJO,шиОшлЦ
e5cdd769-69dc-4c19-a916-5143c1edbc88,MOJODOJO,шиОшлЦ
d0e21969-a78b-4968-85ee-606b8164c4fe,MOJODOJO,шиОшлЦ
9f35b708-6786-43fb-83aa-56d3a06e05d9,MOJODOJO,шиОшлЦ
0e29f316-c2b5-483f-9689-bb6435c363eb,MOJODOJO,шиОшлЦ
1bac7207-f1c3-4eb3-b42c-0b79a2a27931,MOJODOJO,шиОшлЦ
ae4f00de-fb8b-4eca-951e-38c71d76f416,MOJODOJO,шиОшлЦ
14d7a7da-134a-443d-858a-f7f9e91c0af5,MOJODOJO,шиОшлЦ
f8c5c921-f08b-4a5d-9619-73dc730ad155,MOJODOJO,шиОшлЦ
75abc91e-3ba9-4935-8116-e08b295318a5,MOJODOJO,Emergency meeting 
e4a95c99-421f-47cd-9064-39054e74f2d6,MOJODOJO,шиОшлЦ
c0aed333-edac-40fc-9b92-1a3dbededf4e,MOJODOJO,шиОшлЦ
38e68eb2-cbbd-4b3b-a93b-8338d0199d3b,MOJODOJO,шиОшлЦ
952c076f-99cd-407f-8b19-509a8fd39eeb,MOJODOJO,шиОшлЦ
4bc595ca-1179-4da6-8d63-feb8231af292,MOJODOJO,шиОшлЦ
2f6f243a-abf1-4aaa-9897-a5226676aa8b,MOJODOJO,шиОшлЦ
106532ac-0683-49c0-b92d-700499a578fa,MOJODOJO,шиОшлЦ
9b4f3594-14be-4016-ae4b-800d92e0afcb,MOJODOJO,шиОшлЦ
192928bf-5617-44b3-8d06-c527016f5aea,MOJODOJO,шиОшлЦ
6a0cfdff-aadd-4c39-8945-2f802de80216,MOJODOJO,шиОшлЦ
36f6728d-d8ea-448c-9905-696807466c72,MOJODOJO,шиОшлЦ
bd13df51-4147-474e-a841-d3248eb53e0d,MOJODOJO,шиОшлЦ
029be1f9-4cfb-4a6b-8d6b-5ce06e330cf1,MOJODOJO,шиОшлЦ
b7da59be-b5e2-4cc5-bb11-86f61927c331,MOJODOJO,шиОшлЦ
835f34f6-7b45-455b-9ed0-1eaa9f559665,MOJODOJO,шиОшлЦ
4c1f794f-5f84-4503-a5eb-ef6ddf4550ae,MOJODOJO,шиОшлЦ
0ab3051b-c990-42e9-a403-a5c5f0d6e099,MOJODOJO,шиОшлЦ
e67eb231-f097-46d4-b005-acb1fa286103,MOJODOJO,шиОшлЦ
4542b14d-3424-450c-8bfd-e7c82fdd2e3a,MOJODOJO,шиОшлЦ
f516b51f-5f99-4031-84a4-b63a15524a66,MOJODOJO,шиОшлЦ
